Model,BLEU_Score,ROUGE_Score,Perplexity,TOPSIS_Score,Rank
gpt2,0.06903396668678424,0.46153846153846156,8.480353355407715,0.003757134808327096,2.0
gpt2-medium,0.13400825781778894,0.46153846153846156,9.66364574432373,0.006400272400610452,1.0
openai-gpt,0.023952424716024538,0.3076923076923077,8.35269832611084,0.0008823468235002624,6.0
facebook/bart-large,0.08055259301867158,0.46153846153846156,15.947568893432617,0.002331271938889811,5.0
sshleifer/tiny-gpt2,0.0641492151460376,0.46153846153846156,10.821762084960938,0.0027359065774091853,4.0
microsoft/CodeGPT-small-py,0.07434360163166209,0.46153846153846156,9.8193998336792,0.0034943511928925263,3.0
